task,horizon_weeks,run_id,target,model,feature_set,n_test,n_folds,mae,rmse,r2,direction_accuracy,mean_actual_return,mean_predicted_return,threshold,accuracy,balanced_accuracy_present_classes,macro_f1,n_down,n_flat,n_up,extreme_event_rate,has_both_extreme_classes,confusion_matrix_labels,confusion_matrix,estimator,validation_scheme,train_window_weeks,transaction_cost_bps,buffer_bps,trade_threshold,allow_short,trade_count,trade_frequency,hit_rate_traded_weeks,average_return_traded_weeks,average_predicted_return_traded_weeks,strategy_total_return,benchmark_total_return,strategy_annual_return,strategy_annual_vol,strategy_sharpe,benchmark_sharpe,max_drawdown,mean_position,turnover,high_vol_quantile,spearman_corr,mean_actual_volatility,mean_predicted_volatility,high_vol_accuracy,high_vol_balanced_accuracy,high_vol_rate_actual,high_vol_rate_predicted
direction_classification,1,price_only_return_regression,next_week_log_return,price_only_ridge,price_only,175,14,0.017508297548052082,0.024574113483400415,-0.04491593231994839,0.52,-0.001920054479809364,-0.0011439291870222036,,,,,,,,,,,,,,,,,,,,,,,,,,,,,,,,,,,,,,,,
direction_classification,1,price_only_three_class_fixed,next_week_log_return_3class_2.0%_bands,price_only_logit,price_only,175,14,,,,,,,0.02,0.4685714285714286,0.3190651260504202,0.31424341941583317,32.0,119.0,24.0,0.32,True,"[-1, 0, 1]","[[3, 26, 3], [24, 73, 22], [4, 14, 6]]",,,,,,,,,,,,,,,,,,,,,,,,,,,,,
direction_classification,1,price_ai_return_regression,next_week_log_return,price_only_ridge,price_ai,175,14,0.01819599262901751,0.025397693246866433,-0.11612845168511865,0.4857142857142857,-0.001920054479809364,-0.0003664383881238413,,,,,,,,,,,,,,,,,,,,,,,,,,,,,,,,,,,,,,,,
direction_classification,1,price_ai_three_class_fixed,next_week_log_return_3class_2.0%_bands,price_only_logit,price_ai,175,14,,,,,,,0.02,0.49714285714285716,0.3261262838468721,0.3256764069264069,32.0,119.0,24.0,0.32,True,"[-1, 0, 1]","[[5, 22, 5], [19, 78, 22], [8, 12, 4]]",,,,,,,,,,,,,,,,,,,,,,,,,,,,,
direction_classification,1,price_gdelt_return_regression,next_week_log_return,price_only_ridge,price_gdelt,175,14,0.017625839661048623,0.024627187122323674,-0.04943429492546536,0.5257142857142857,-0.001920054479809364,-0.0009369179112477279,,,,,,,,,,,,,,,,,,,,,,,,,,,,,,,,,,,,,,,,
direction_classification,1,price_gdelt_three_class_fixed,next_week_log_return_3class_2.0%_bands,price_only_logit,price_gdelt,175,14,,,,,,,0.02,0.4514285714285714,0.32242063492063494,0.319047619047619,32.0,119.0,24.0,0.32,True,"[-1, 0, 1]","[[6, 22, 4], [28, 68, 23], [4, 15, 5]]",,,,,,,,,,,,,,,,,,,,,,,,,,,,,
direction_classification,1,price_ai_gdelt_return_regression,next_week_log_return,price_only_ridge,price_ai_gdelt,175,14,0.018235838774708014,0.025438692135335537,-0.11973483909362082,0.52,-0.001920054479809364,-0.0004366229160878423,,,,,,,,,,,,,,,,,,,,,,,,,,,,,,,,,,,,,,,,
direction_classification,1,price_ai_gdelt_three_class_fixed,next_week_log_return_3class_2.0%_bands,price_only_logit,price_ai_gdelt,175,14,,,,,,,0.02,0.46285714285714286,0.32107843137254904,0.3199075699075699,32.0,119.0,24.0,0.32,True,"[-1, 0, 1]","[[8, 20, 4], [24, 70, 25], [10, 11, 3]]",,,,,,,,,,,,,,,,,,,,,,,,,,,,,
direction_classification,1,price_calendar_return_regression,next_week_log_return,price_only_ridge,price_calendar,175,14,0.01727585377933367,0.024303129800526412,-0.021997997690553106,0.5314285714285715,-0.001920054479809364,-0.001802592710861555,,,,,,,,,,,,,,,,,,,,,,,,,,,,,,,,,,,,,,,,
direction_classification,1,price_calendar_three_class_fixed,next_week_log_return_3class_2.0%_bands,price_only_logit,price_calendar,175,14,,,,,,,0.02,0.4228571428571429,0.3090861344537815,0.3041501238589704,32.0,119.0,24.0,0.32,True,"[-1, 0, 1]","[[9, 16, 7], [44, 62, 13], [9, 12, 3]]",,,,,,,,,,,,,,,,,,,,,,,,,,,,,
direction_classification,1,price_calendar_ai_return_regression,next_week_log_return,price_only_ridge,price_calendar_ai,175,14,0.018011077816578812,0.025234137868249514,-0.10179951060529069,0.5371428571428571,-0.001920054479809364,-0.0007792251525244993,,,,,,,,,,,,,,,,,,,,,,,,,,,,,,,,,,,,,,,,
direction_classification,1,price_calendar_ai_three_class_fixed,next_week_log_return_3class_2.0%_bands,price_only_logit,price_calendar_ai,175,14,,,,,,,0.02,0.42857142857142855,0.3001283846872082,0.2997084077797294,32.0,119.0,24.0,0.32,True,"[-1, 0, 1]","[[6, 18, 8], [36, 65, 18], [5, 15, 4]]",,,,,,,,,,,,,,,,,,,,,,,,,,,,,
direction_classification,1,price_calendar_gdelt_return_regression,next_week_log_return,price_only_ridge,price_calendar_gdelt,175,14,0.01737827871020328,0.024276160560616513,-0.019731029088332797,0.5371428571428571,-0.001920054479809364,-0.0014811140212245113,,,,,,,,,,,,,,,,,,,,,,,,,,,,,,,,,,,,,,,,
direction_classification,1,price_calendar_gdelt_three_class_fixed,next_week_log_return_3class_2.0%_bands,price_only_logit,price_calendar_gdelt,175,14,,,,,,,0.02,0.38857142857142857,0.30751050420168063,0.29347030364245824,32.0,119.0,24.0,0.32,True,"[-1, 0, 1]","[[11, 15, 6], [45, 54, 20], [10, 11, 3]]",,,,,,,,,,,,,,,,,,,,,,,,,,,,,
direction_classification,1,price_calendar_ai_gdelt_return_regression,next_week_log_return,price_only_ridge,price_calendar_ai_gdelt,175,14,0.017899603340792228,0.025256208658960905,-0.1037277097060878,0.5542857142857143,-0.001920054479809364,-0.0005690677712809301,,,,,,,,,,,,,,,,,,,,,,,,,,,,,,,,,,,,,,,,
direction_classification,1,price_calendar_ai_gdelt_three_class_fixed,next_week_log_return_3class_2.0%_bands,price_only_logit,price_calendar_ai_gdelt,175,14,,,,,,,0.02,0.4,0.2978816526610644,0.29122658950245156,32.0,119.0,24.0,0.32,True,"[-1, 0, 1]","[[9, 17, 6], [39, 58, 22], [7, 14, 3]]",,,,,,,,,,,,,,,,,,,,,,,,,,,,,
expected_return,1,price_ai_gdelt_hgb,next_week_log_return,,price_ai_gdelt,175,14,0.018397598795709135,0.025164452845702186,-0.09572259129907046,0.52,,,,,,,,,,,,,,hgb,expanding,,5.0,25.0,0.003,False,50.0,0.2857142857142857,0.5,0.0006782290328128227,0.008742122919186433,-0.003083783700430276,-0.2853837073443145,-0.0009173190892907135,0.07361911179594201,-0.012466057543149748,-0.5759410574643985,-0.19899634342511086,0.2857142857142857,0.4228571428571429,,,,,,,,
expected_return,1,price_ai_gdelt_ridge,next_week_log_return,,price_ai_gdelt,175,14,0.018235838774708014,0.025438692135335537,-0.11973483909362082,0.52,,,,,,,,,,,,,,ridge,expanding,,5.0,25.0,0.003,False,42.0,0.24,0.47619047619047616,0.0003786043452005183,0.010474117153696935,-0.013999697418321078,-0.2853837073443145,-0.004180540595407289,0.12190087925968869,-0.03436647472622957,-0.5759410574643985,-0.22384077636449717,0.24,0.34285714285714286,,,,,,,,
expected_return,1,price_ai_hgb,next_week_log_return,,price_ai,175,14,0.018858524494837475,0.025936458399559048,-0.16398391432656534,0.4685714285714286,,,,,,,,,,,,,,hgb,expanding,,5.0,25.0,0.003,False,54.0,0.30857142857142855,0.4074074074074074,-0.006106809369500312,0.009600685341425327,-0.30875966347433514,-0.2853837073443145,-0.1039197104933649,0.11004856461367563,-0.9970621750738621,-0.5759410574643985,-0.3357752082313209,0.30857142857142855,0.4514285714285714,,,,,,,,
expected_return,1,price_ai_ridge,next_week_log_return,,price_ai,175,14,0.01819599262901751,0.025397693246866433,-0.11612845168511865,0.4857142857142857,,,,,,,,,,,,,,ridge,expanding,,5.0,25.0,0.003,False,36.0,0.2057142857142857,0.5277777777777778,0.0015847228882329206,0.01071893752111371,0.030506082676114543,-0.2853837073443145,0.008969133759696213,0.11621773783029685,0.07683121482361784,-0.5759410574643985,-0.20743470461237,0.2057142857142857,0.30857142857142855,,,,,,,,
expected_return,1,price_calendar_ai_gdelt_hgb,next_week_log_return,,price_calendar_ai_gdelt,175,14,0.018200176866664884,0.02437285356485689,-0.027870472904019117,0.5485714285714286,,,,,,,,,,,,,,hgb,expanding,,5.0,25.0,0.003,False,58.0,0.3314285714285714,0.5517241379310345,0.0035058915970200295,0.010851157303059815,0.18334090409695536,-0.2853837073443145,0.051293738335718375,0.1040086224070096,0.48093644842838945,-0.5759410574643985,-0.13187707861068398,0.3314285714285714,0.4,,,,,,,,
expected_return,1,price_calendar_ai_gdelt_ridge,next_week_log_return,,price_calendar_ai_gdelt,175,14,0.017899603340792228,0.025256208658960905,-0.1037277097060878,0.5542857142857143,,,,,,,,,,,,,,ridge,expanding,,5.0,25.0,0.003,False,53.0,0.3028571428571429,0.5094339622641509,0.0031128260519283353,0.009919656733912461,0.14222690312861497,-0.2853837073443145,0.04030505472618673,0.0972456726125002,0.40633162312932286,-0.5759410574643985,-0.17541168887764969,0.3028571428571429,0.3657142857142857,,,,,,,,
expected_return,1,price_calendar_ai_hgb,next_week_log_return,,price_calendar_ai,175,14,0.01817824279917956,0.024664995170852667,-0.05265898469466457,0.5314285714285715,,,,,,,,,,,,,,hgb,expanding,,5.0,25.0,0.003,False,59.0,0.33714285714285713,0.4915254237288136,-0.0003912618392987403,0.01048441538677527,-0.05831499367747972,-0.2853837073443145,-0.017695232298489794,0.08585291883231336,-0.20795640900164228,-0.5759410574643985,-0.13645040286286014,0.33714285714285713,0.4228571428571429,,,,,,,,
expected_return,1,price_calendar_ai_ridge,next_week_log_return,,price_calendar_ai,175,14,0.018011077816578812,0.025234137868249514,-0.10179951060529069,0.5371428571428571,,,,,,,,,,,,,,ridge,expanding,,5.0,25.0,0.003,False,48.0,0.2742857142857143,0.5,0.002683177247394697,0.009945418772336246,0.10715372221456598,-0.2853837073443145,0.03070900172484481,0.094039008066977,0.32164223387124025,-0.5759410574643985,-0.1477638627031762,0.2742857142857143,0.30857142857142855,,,,,,,,
expected_return,1,price_calendar_gdelt_hgb,next_week_log_return,,price_calendar_gdelt,175,14,0.018314223410197006,0.02518489613509252,-0.09750361733405999,0.5428571428571428,,,,,,,,,,,,,,hgb,expanding,,5.0,25.0,0.003,False,61.0,0.3485714285714286,0.5081967213114754,-0.00017965063604359052,0.010605798121343959,-0.04587318709890886,-0.2853837073443145,-0.013856540938376738,0.08839767833807911,-0.15784847769361723,-0.5759410574643985,-0.1397713213512708,0.3485714285714286,0.4114285714285714,,,,,,,,
expected_return,1,price_calendar_gdelt_ridge,next_week_log_return,,price_calendar_gdelt,175,14,0.01737827871020328,0.024276160560616513,-0.019731029088332797,0.5371428571428571,,,,,,,,,,,,,,ridge,expanding,,5.0,25.0,0.003,False,39.0,0.22285714285714286,0.5384615384615384,0.0012409374616350027,0.007546448291267864,0.02469659203814878,-0.2853837073443145,0.00727560336315114,0.11669289470710059,0.0621225813218057,-0.5759410574643985,-0.19948079654381412,0.22285714285714286,0.2742857142857143,,,,,,,,
expected_return,1,price_calendar_hgb,next_week_log_return,,price_calendar,175,14,0.018092619492015564,0.025200513356744045,-0.09886516922849897,0.5371428571428571,,,,,,,,,,,,,,hgb,expanding,,5.0,25.0,0.003,False,54.0,0.30857142857142855,0.5370370370370371,0.0012729815545949503,0.010014871168273105,0.0363873914854258,-0.2853837073443145,0.010676778354663519,0.0815859427583113,0.13017173879772057,-0.5759410574643985,-0.09437504189076618,0.30857142857142855,0.37714285714285717,,,,,,,,
expected_return,1,price_calendar_ridge,next_week_log_return,,price_calendar,175,14,0.01727585377933367,0.024303129800526412,-0.021997997690553106,0.5314285714285715,,,,,,,,,,,,,,ridge,expanding,,5.0,25.0,0.003,False,37.0,0.21142857142857144,0.5675675675675675,-0.0012389786045538306,0.006601585633852453,-0.06184697945209994,-0.2853837073443145,-0.01879145332135934,0.1006682760046511,-0.18844324104692914,-0.5759410574643985,-0.16837662287245714,0.21142857142857144,0.2057142857142857,,,,,,,,
expected_return,1,price_gdelt_hgb,next_week_log_return,,price_gdelt,175,14,0.01880772478500873,0.025498768072514708,-0.12502980872223146,0.4857142857142857,,,,,,,,,,,,,,hgb,expanding,,5.0,25.0,0.003,False,48.0,0.2742857142857143,0.4583333333333333,-0.0013541533813813678,0.009940434250482778,-0.0924434151238005,-0.2853837073443145,-0.028411256700607956,0.1245427285324399,-0.23142794442008172,-0.5759410574643985,-0.20245114146087673,0.2742857142857143,0.3657142857142857,,,,,,,,
expected_return,1,price_gdelt_ridge,next_week_log_return,,price_gdelt,175,14,0.017625839661048623,0.024627187122323674,-0.04943429492546536,0.5257142857142857,,,,,,,,,,,,,,ridge,expanding,,5.0,25.0,0.003,False,34.0,0.19428571428571428,0.5294117647058824,-0.0006147238022120844,0.007013518127994397,-0.041034911928783724,-0.2853837073443145,-0.012373280362467654,0.11353128742446073,-0.1096655119351722,-0.5759410574643985,-0.18436275008768876,0.19428571428571428,0.24,,,,,,,,
expected_return,1,price_only_hgb,next_week_log_return,,price_only,175,14,0.018714089385030094,0.025819124389870784,-0.15347623652306353,0.5085714285714286,,,,,,,,,,,,,,hgb,expanding,,5.0,25.0,0.003,False,56.0,0.32,0.48214285714285715,-0.0047162208634020176,0.009304310895374712,-0.25852094778082924,-0.2853837073443145,-0.08504273083845637,0.11563085503770057,-0.7686349386418669,-0.5759410574643985,-0.32797866490364924,0.32,0.4,,,,,,,,
expected_return,1,price_only_ridge,next_week_log_return,,price_only,175,14,0.017508297548052082,0.024574113483400415,-0.04491593231994839,0.52,,,,,,,,,,,,,,ridge,expanding,,5.0,25.0,0.003,False,20.0,0.11428571428571428,0.55,0.0022837990780209872,0.007879813127275365,0.03321570405766949,-0.2853837073443145,0.009756724007642381,0.10962271184579606,0.08857137683720587,-0.5759410574643985,-0.14154617760867616,0.11428571428571428,0.14857142857142858,,,,,,,,
volatility,1,price_ai_gdelt_hgb,next_1_week_realized_volatility,,price_ai_gdelt,175,14,0.012621473623972125,0.0178721571657748,-0.09089150654584666,,,,,,,,,,,,,,,hgb,expanding,,,,,,,,,,,,,,,,,,,,0.7,0.06104473786649776,0.016994545067927466,0.01905903699942743,0.7542857142857143,0.5238840216937839,0.19428571428571428,0.10857142857142857
volatility,1,price_ai_gdelt_ridge,next_1_week_realized_volatility,,price_ai_gdelt,175,14,0.012389261126047947,0.017190841446991095,-0.009303734490273552,,,,,,,,,,,,,,,ridge,expanding,,,,,,,,,,,,,,,,,,,,0.7,0.10489699178688115,0.016994545067927466,0.01899716946646654,0.7828571428571428,0.5527743012098456,0.19428571428571428,0.09142857142857143
volatility,1,price_ai_hgb,next_1_week_realized_volatility,,price_ai,175,14,0.013136724084894707,0.018567928325875643,-0.1774826392963249,,,,,,,,,,,,,,,hgb,expanding,,,,,,,,,,,,,,,,,,,,0.7,0.0030083488123996676,0.016994545067927466,0.019299866887144822,0.7142857142857143,0.4879015435961619,0.19428571428571428,0.13714285714285715
volatility,1,price_ai_ridge,next_1_week_realized_volatility,,price_ai,175,14,0.012510804057109845,0.017319477804759086,-0.024465169980627754,,,,,,,,,,,,,,,ridge,expanding,,,,,,,,,,,,,,,,,,,,0.7,0.026732543577844013,0.016994545067927466,0.019797370060968992,0.7942857142857143,0.5598664997914059,0.19428571428571428,0.08
volatility,1,price_calendar_ai_gdelt_hgb,next_1_week_realized_volatility,,price_calendar_ai_gdelt,175,14,0.012075989632141262,0.016533923189382238,0.06636001700784022,,,,,,,,,,,,,,,hgb,expanding,,,,,,,,,,,,,,,,,,,,0.7,0.20391387640490372,0.016994545067927466,0.019855921380204315,0.8,0.6303712974551523,0.19428571428571428,0.14285714285714285
volatility,1,price_calendar_ai_gdelt_ridge,next_1_week_realized_volatility,,price_calendar_ai_gdelt,175,14,0.01255608866305705,0.016799944767379806,0.03607483509757514,,,,,,,,,,,,,,,ridge,expanding,,,,,,,,,,,,,,,,,,,,0.7,0.15926671081470128,0.016994545067927466,0.019634460827797073,0.76,0.5609094701710471,0.19428571428571428,0.13714285714285715
volatility,1,price_calendar_ai_hgb,next_1_week_realized_volatility,,price_calendar_ai,175,14,0.012409368916791017,0.016938283441393656,0.020134645206473567,,,,,,,,,,,,,,,hgb,expanding,,,,,,,,,,,,,,,,,,,,0.7,0.21626859510413343,0.016994545067927466,0.019885177727558552,0.7657142857142857,0.5644555694618273,0.19428571428571428,0.13142857142857142
volatility,1,price_calendar_ai_ridge,next_1_week_realized_volatility,,price_calendar_ai,175,14,0.012546065878735437,0.016786149385066385,0.037657251778460354,,,,,,,,,,,,,,,ridge,expanding,,,,,,,,,,,,,,,,,,,,0.7,0.15801948320881617,0.016994545067927466,0.0200529786762059,0.76,0.5720692532332082,0.19428571428571428,0.14857142857142858
volatility,1,price_calendar_gdelt_hgb,next_1_week_realized_volatility,,price_calendar_gdelt,175,14,0.012211981519211417,0.016383572021676594,0.08326291603188363,,,,,,,,,,,,,,,hgb,expanding,,,,,,,,,,,,,,,,,,,,0.7,0.21126065158427346,0.016994545067927466,0.020055089819587556,0.7771428571428571,0.5827075511055486,0.19428571428571428,0.13142857142857142
volatility,1,price_calendar_gdelt_ridge,next_1_week_realized_volatility,,price_calendar_gdelt,175,14,0.012521072031847175,0.016702802434992423,0.04719001656976296,,,,,,,,,,,,,,,ridge,expanding,,,,,,,,,,,,,,,,,,,,0.7,0.1673501787810301,0.016994545067927466,0.0201961830246101,0.7485714285714286,0.5538172715894869,0.19428571428571428,0.14857142857142858
volatility,1,price_calendar_hgb,next_1_week_realized_volatility,,price_calendar,175,14,0.012200240848261264,0.016974274496809688,0.015966117027962135,,,,,,,,,,,,,,,hgb,expanding,,,,,,,,,,,,,,,,,,,,0.7,0.2501105599543027,0.016994545067927466,0.019831311394366002,0.7485714285714286,0.5538172715894869,0.19428571428571428,0.14857142857142858
volatility,1,price_calendar_ridge,next_1_week_realized_volatility,,price_calendar,175,14,0.012616810612314074,0.016755706122818258,0.04114468486213185,,,,,,,,,,,,,,,ridge,expanding,,,,,,,,,,,,,,,,,,,,0.7,0.15969215649713964,0.016994545067927466,0.020760015523167433,0.7714285714285715,0.5903212348769294,0.19428571428571428,0.14857142857142858
volatility,1,price_gdelt_hgb,next_1_week_realized_volatility,,price_gdelt,175,14,0.012594982109796342,0.017741394304143402,-0.07498673953542023,,,,,,,,,,,,,,,hgb,expanding,,,,,,,,,,,,,,,,,,,,0.7,0.05365765730668644,0.016994545067927466,0.018996357253868782,0.7657142857142857,0.5198164372131832,0.19428571428571428,0.08571428571428572
volatility,1,price_gdelt_ridge,next_1_week_realized_volatility,,price_gdelt,175,14,0.012478158412128312,0.01709867700590279,0.0014895193337788326,,,,,,,,,,,,,,,ridge,expanding,,,,,,,,,,,,,,,,,,,,0.7,0.0864068985093298,0.016994545067927466,0.019197674581139964,0.7657142857142857,0.5309762202753442,0.19428571428571428,0.09714285714285714
volatility,1,price_only_hgb,next_1_week_realized_volatility,,price_only,175,14,0.012857740770215802,0.01814750418419364,-0.12476403482638809,,,,,,,,,,,,,,,hgb,expanding,,,,,,,,,,,,,,,,,,,,0.7,0.019969076820975238,0.016994545067927466,0.019221154741047207,0.7542857142857143,0.5127242386316229,0.19428571428571428,0.09714285714285714
volatility,1,price_only_ridge,next_1_week_realized_volatility,,price_only,175,14,0.012723946182918274,0.017325640680498508,-0.02519438074807967,,,,,,,,,,,,,,,ridge,expanding,,,,,,,,,,,,,,,,,,,,0.7,-0.045520448833102224,0.016994545067927466,0.02018609409347717,0.7885714285714286,0.5451606174384648,0.19428571428571428,0.07428571428571429
direction_classification,4,price_only_return_regression,next_week_log_return,price_only_ridge,price_only,172,14,0.03473869388635618,0.04332155193850308,-0.07543482997107498,0.5174418604651163,-0.008173698326875823,-0.004400683351278347,,,,,,,,,,,,,,,,,,,,,,,,,,,,,,,,,,,,,,,,
direction_classification,4,price_only_three_class_fixed,next_week_log_return_3class_2.0%_bands,price_only_logit,price_only,172,14,,,,,,,0.02,0.3488372093023256,0.3439439655172414,0.3254704976223964,64.0,58.0,50.0,0.6627906976744186,True,"[-1, 0, 1]","[[17, 33, 14], [16, 34, 8], [8, 33, 9]]",,,,,,,,,,,,,,,,,,,,,,,,,,,,,
direction_classification,4,price_ai_return_regression,next_week_log_return,price_only_ridge,price_ai,172,14,0.0345413287849558,0.04391856945264733,-0.10528036840637522,0.5465116279069767,-0.008173698326875823,-0.0018187619474584014,,,,,,,,,,,,,,,,,,,,,,,,,,,,,,,,,,,,,,,,
direction_classification,4,price_ai_three_class_fixed,next_week_log_return_3class_2.0%_bands,price_only_logit,price_ai,172,14,,,,,,,0.02,0.36046511627906974,0.35597701149425287,0.33181219082702196,64.0,58.0,50.0,0.6627906976744186,True,"[-1, 0, 1]","[[16, 35, 13], [15, 37, 6], [8, 33, 9]]",,,,,,,,,,,,,,,,,,,,,,,,,,,,,
direction_classification,4,price_gdelt_return_regression,next_week_log_return,price_only_ridge,price_gdelt,172,14,0.03479259843545941,0.04366774524493994,-0.09269164221500281,0.48255813953488375,-0.008173698326875823,-0.0037027767547774867,,,,,,,,,,,,,,,,,,,,,,,,,,,,,,,,,,,,,,,,
direction_classification,4,price_gdelt_three_class_fixed,next_week_log_return_3class_2.0%_bands,price_only_logit,price_gdelt,172,14,,,,,,,0.02,0.32558139534883723,0.31436063218390803,0.2828292217126081,64.0,58.0,50.0,0.6627906976744186,True,"[-1, 0, 1]","[[19, 31, 14], [18, 34, 6], [15, 32, 3]]",,,,,,,,,,,,,,,,,,,,,,,,,,,,,
direction_classification,4,price_ai_gdelt_return_regression,next_week_log_return,price_only_ridge,price_ai_gdelt,172,14,0.03472723681302094,0.04414426885617567,-0.11666972460220948,0.5,-0.008173698326875823,-0.001870759275106391,,,,,,,,,,,,,,,,,,,,,,,,,,,,,,,,,,,,,,,,
direction_classification,4,price_ai_gdelt_three_class_fixed,next_week_log_return_3class_2.0%_bands,price_only_logit,price_ai_gdelt,172,14,,,,,,,0.02,0.3488372093023256,0.33972701149425294,0.3087646652864044,64.0,58.0,50.0,0.6627906976744186,True,"[-1, 0, 1]","[[18, 32, 14], [15, 37, 6], [11, 34, 5]]",,,,,,,,,,,,,,,,,,,,,,,,,,,,,
direction_classification,4,price_calendar_return_regression,next_week_log_return,price_only_ridge,price_calendar,172,14,0.03344155967698901,0.04189513844512253,-0.005780809864162517,0.5232558139534884,-0.008173698326875823,-0.006726258420429576,,,,,,,,,,,,,,,,,,,,,,,,,,,,,,,,,,,,,,,,
direction_classification,4,price_calendar_three_class_fixed,next_week_log_return_3class_2.0%_bands,price_only_logit,price_calendar,172,14,,,,,,,0.02,0.4418604651162791,0.43364942528735634,0.42632111019207786,64.0,58.0,50.0,0.6627906976744186,True,"[-1, 0, 1]","[[28, 20, 16], [12, 35, 11], [20, 17, 13]]",,,,,,,,,,,,,,,,,,,,,,,,,,,,,
direction_classification,4,price_calendar_ai_return_regression,next_week_log_return,price_only_ridge,price_calendar_ai,172,14,0.034707859112051716,0.043460882385974904,-0.08236356487646468,0.5348837209302325,-0.008173698326875823,-0.003224543883278822,,,,,,,,,,,,,,,,,,,,,,,,,,,,,,,,,,,,,,,,
direction_classification,4,price_calendar_ai_three_class_fixed,next_week_log_return_3class_2.0%_bands,price_only_logit,price_calendar_ai,172,14,,,,,,,0.02,0.4418604651162791,0.4345689655172414,0.43011914113642313,64.0,58.0,50.0,0.6627906976744186,True,"[-1, 0, 1]","[[28, 21, 15], [7, 34, 17], [15, 21, 14]]",,,,,,,,,,,,,,,,,,,,,,,,,,,,,
direction_classification,4,price_calendar_gdelt_return_regression,next_week_log_return,price_only_ridge,price_calendar_gdelt,172,14,0.03319654203757192,0.0420516378344008,-0.013309037720973249,0.5406976744186046,-0.008173698326875823,-0.005312413283040429,,,,,,,,,,,,,,,,,,,,,,,,,,,,,,,,,,,,,,,,
direction_classification,4,price_calendar_gdelt_three_class_fixed,next_week_log_return_3class_2.0%_bands,price_only_logit,price_calendar_gdelt,172,14,,,,,,,0.02,0.4418604651162791,0.4347270114942529,0.4238833254529788,64.0,58.0,50.0,0.6627906976744186,True,"[-1, 0, 1]","[[26, 25, 13], [13, 37, 8], [18, 19, 13]]",,,,,,,,,,,,,,,,,,,,,,,,,,,,,
direction_classification,4,price_calendar_ai_gdelt_return_regression,next_week_log_return,price_only_ridge,price_calendar_ai_gdelt,172,14,0.03481543276980465,0.043972161607302065,-0.10797947713836464,0.5465116279069767,-0.008173698326875823,-0.00216630059118516,,,,,,,,,,,,,,,,,,,,,,,,,,,,,,,,,,,,,,,,
direction_classification,4,price_calendar_ai_gdelt_three_class_fixed,next_week_log_return_3class_2.0%_bands,price_only_logit,price_calendar_ai_gdelt,172,14,,,,,,,0.02,0.46511627906976744,0.4600933908045977,0.447947458104732,64.0,58.0,50.0,0.6627906976744186,True,"[-1, 0, 1]","[[25, 27, 12], [7, 40, 11], [13, 22, 15]]",,,,,,,,,,,,,,,,,,,,,,,,,,,,,
expected_return,4,price_ai_gdelt_hgb,next_week_log_return,,price_ai_gdelt,172,14,0.035524530166970575,0.04454679469972409,-0.1371270906865285,0.5058139534883721,,,,,,,,,,,,,,hgb,expanding,,5.0,25.0,0.003,False,66.0,0.38372093023255816,0.4393939393939394,-0.006999133779131986,0.014974894344680557,-0.3910035432433293,-0.7548478184832423,-0.13923711230742153,0.19109420838522884,-0.7846193011868651,-1.4109392639247729,-0.5012810596473594,0.38372093023255816,0.3953488372093023,,,,,,,,
expected_return,4,price_ai_gdelt_ridge,next_week_log_return,,price_ai_gdelt,172,14,0.03472723681302094,0.04414426885617567,-0.11666972460220948,0.5,,,,,,,,,,,,,,ridge,expanding,,5.0,25.0,0.003,False,50.0,0.29069767441860467,0.42,-0.008869538964700698,0.016271495149019148,-0.37529575436971097,-0.7548478184832423,-0.1325845335366943,0.17002743672791149,-0.8365544975890169,-1.4109392639247729,-0.46221214943741096,0.29069767441860467,0.313953488372093,,,,,,,,
expected_return,4,price_ai_hgb,next_week_log_return,,price_ai,172,14,0.03582046081682526,0.04501061005521369,-0.1609295980298624,0.5465116279069767,,,,,,,,,,,,,,hgb,expanding,,5.0,25.0,0.003,False,52.0,0.3023255813953488,0.46153846153846156,-0.0066452642522480355,0.016194014440690754,-0.3130911961898549,-0.7548478184832423,-0.10733106750075527,0.193670972228729,-0.5862494612474615,-1.4109392639247729,-0.4110326310340564,0.3023255813953488,0.3488372093023256,,,,,,,,
expected_return,4,price_ai_ridge,next_week_log_return,,price_ai,172,14,0.0345413287849558,0.04391856945264733,-0.10528036840637522,0.5465116279069767,,,,,,,,,,,,,,ridge,expanding,,5.0,25.0,0.003,False,43.0,0.25,0.46511627906976744,-0.005063199896910139,0.01697863869985663,-0.21629107411073012,-0.7548478184832423,-0.07103300084549968,0.18035526009791233,-0.4085384797544021,-1.4109392639247729,-0.42761090915918454,0.25,0.3023255813953488,,,,,,,,
expected_return,4,price_calendar_ai_gdelt_hgb,next_week_log_return,,price_calendar_ai_gdelt,172,14,0.0339101336500687,0.04319803641481651,-0.06931115581233671,0.5755813953488372,,,,,,,,,,,,,,hgb,expanding,,5.0,25.0,0.003,False,81.0,0.47093023255813954,0.5061728395061729,-0.003644289663444059,0.01827526345240846,-0.281211025348733,-0.7548478184832423,-0.09500342212415147,0.20419470390840383,-0.4888673150249391,-1.4109392639247729,-0.3774264547389711,0.47093023255813954,0.4069767441860465,,,,,,,,
expected_return,4,price_calendar_ai_gdelt_ridge,next_week_log_return,,price_calendar_ai_gdelt,172,14,0.03481543276980465,0.043972161607302065,-0.10797947713836464,0.5465116279069767,,,,,,,,,,,,,,ridge,expanding,,5.0,25.0,0.003,False,62.0,0.36046511627906974,0.45161290322580644,-0.004063993265610806,0.018125059240248778,-0.247961366839217,-0.7548478184832423,-0.08254614082768164,0.1931836447910419,-0.4459642023092258,-1.4109392639247729,-0.42913089761773304,0.36046511627906974,0.38372093023255816,,,,,,,,
expected_return,4,price_calendar_ai_hgb,next_week_log_return,,price_calendar_ai,172,14,0.03432664835722185,0.042297836846123295,-0.025208977750482697,0.5290697674418605,,,,,,,,,,,,,,hgb,expanding,,5.0,25.0,0.003,False,63.0,0.36627906976744184,0.47619047619047616,-0.001839725509209515,0.01753934723228099,-0.13575821629909313,-0.7548478184832423,-0.04315141720777427,0.1997458638367214,-0.22083120970771938,-1.4109392639247729,-0.36401929171824565,0.36627906976744184,0.3488372093023256,,,,,,,,
expected_return,4,price_calendar_ai_ridge,next_week_log_return,,price_calendar_ai,172,14,0.034707859112051716,0.043460882385974904,-0.08236356487646468,0.5348837209302325,,,,,,,,,,,,,,ridge,expanding,,5.0,25.0,0.003,False,64.0,0.37209302325581395,0.484375,-0.000988570632629887,0.015758528681174146,-0.08996163451681582,-0.7548478184832423,-0.028097497151341133,0.18937437382489727,-0.1504944132000695,-1.4109392639247729,-0.39029373833005865,0.37209302325581395,0.36046511627906974,,,,,,,,
expected_return,4,price_calendar_gdelt_hgb,next_week_log_return,,price_calendar_gdelt,172,14,0.033348317205239265,0.04256994244293446,-0.038441919421893456,0.5755813953488372,,,,,,,,,,,,,,hgb,expanding,,5.0,25.0,0.003,False,77.0,0.4476744186046512,0.5194805194805194,-0.00043901750208830137,0.016855358729049943,-0.06555671829287235,-0.7548478184832423,-0.02029031287066918,0.20630933522901063,-0.0993604521333409,-1.4109392639247729,-0.2798959392065231,0.4476744186046512,0.3953488372093023,,,,,,,,
expected_return,4,price_calendar_gdelt_ridge,next_week_log_return,,price_calendar_gdelt,172,14,0.03319654203757192,0.0420516378344008,-0.013309037720973249,0.5406976744186046,,,,,,,,,,,,,,ridge,expanding,,5.0,25.0,0.003,False,47.0,0.27325581395348836,0.44680851063829785,-0.007418394085758683,0.01206009872011964,-0.3090339043381922,-0.7548478184832423,-0.10574028901926957,0.1500556281702673,-0.7447840704604568,-1.4109392639247729,-0.38544260864140634,0.27325581395348836,0.2441860465116279,,,,,,,,
expected_return,4,price_calendar_hgb,next_week_log_return,,price_calendar,172,14,0.03435800901326613,0.04252999848941261,-0.03649406546633904,0.5465116279069767,,,,,,,,,,,,,,hgb,expanding,,5.0,25.0,0.003,False,56.0,0.32558139534883723,0.48214285714285715,0.00021450654673062428,0.01644515928024278,-0.01684415712859222,-0.7548478184832423,-0.005122630486426694,0.18358493649450006,-0.027975041074386243,-1.4109392639247729,-0.2948779050363409,0.32558139534883723,0.3372093023255814,,,,,,,,
expected_return,4,price_calendar_ridge,next_week_log_return,,price_calendar,172,14,0.03344155967698901,0.04189513844512253,-0.005780809864162517,0.5232558139534884,,,,,,,,,,,,,,ridge,expanding,,5.0,25.0,0.003,False,46.0,0.26744186046511625,0.4782608695652174,-0.0010733408699833654,0.010633184077541342,-0.06515419713836712,-0.7548478184832423,-0.020162744557084333,0.17089270752021532,-0.11919049840175239,-1.4109392639247729,-0.3259750230189584,0.26744186046511625,0.20930232558139536,,,,,,,,
expected_return,4,price_gdelt_hgb,next_week_log_return,,price_gdelt,172,14,0.037285728000886774,0.04555902732660806,-0.1893918879327987,0.436046511627907,,,,,,,,,,,,,,hgb,expanding,,5.0,25.0,0.003,False,60.0,0.3488372093023256,0.35,-0.011108297203427852,0.01551761567322011,-0.5056432380202398,-0.7548478184832423,-0.19183393590904696,0.16802255344048347,-1.2676138551172917,-1.4109392639247729,-0.5768707829652304,0.3488372093023256,0.4418604651162791,,,,,,,,
expected_return,4,price_gdelt_ridge,next_week_log_return,,price_gdelt,172,14,0.03479259843545941,0.04366774524493994,-0.09269164221500281,0.48255813953488375,,,,,,,,,,,,,,ridge,expanding,,5.0,25.0,0.003,False,32.0,0.18604651162790697,0.3125,-0.02238564642808731,0.011683610499138412,-0.519217688276647,-0.7548478184832423,-0.198608208540496,0.1390165541006699,-1.5926543785787117,-1.4109392639247729,-0.5329414921753267,0.18604651162790697,0.18604651162790697,,,,,,,,
expected_return,4,price_only_hgb,next_week_log_return,,price_only,172,14,0.0370723201697621,0.04587171334958345,-0.20577426025882906,0.46511627906976744,,,,,,,,,,,,,,hgb,expanding,,5.0,25.0,0.003,False,63.0,0.36627906976744184,0.38095238095238093,-0.013136408411477975,0.01283202256204501,-0.5775117866299803,-0.7548478184832423,-0.22931983689019597,0.1932308816541152,-1.3480341397595887,-1.4109392639247729,-0.6425652075793797,0.36627906976744184,0.3953488372093023,,,,,,,,
expected_return,4,price_only_ridge,next_week_log_return,,price_only,172,14,0.03473869388635618,0.04332155193850308,-0.07543482997107498,0.5174418604651163,,,,,,,,,,,,,,ridge,expanding,,5.0,25.0,0.003,False,18.0,0.10465116279069768,0.3333333333333333,-0.021290761904294894,0.013644145054228264,-0.3224241076528702,-0.7548478184832423,-0.11101534889639708,0.11384378036803773,-1.0336560204442777,-1.4109392639247729,-0.33038141726625025,0.10465116279069768,0.06976744186046512,,,,,,,,
volatility,4,price_ai_gdelt_hgb,next_4_week_realized_volatility,,price_ai_gdelt,172,14,0.01833240415793457,0.026807472747254528,-0.11077462060548382,,,,,,,,,,,,,,,hgb,expanding,,,,,,,,,,,,,,,,,,,,0.7,0.07709727838896775,0.041206253045578414,0.04387760690748245,0.7848837209302325,0.5259009009009009,0.13953488372093023,0.12209302325581395
volatility,4,price_ai_gdelt_ridge,next_4_week_realized_volatility,,price_ai_gdelt,172,14,0.018297349029890442,0.025622015752414625,-0.014707311444778659,,,,,,,,,,,,,,,ridge,expanding,,,,,,,,,,,,,,,,,,,,0.7,0.17859183263165282,0.041206253045578414,0.04491414566496624,0.7790697674418605,0.5574324324324325,0.13953488372093023,0.1511627906976744
volatility,4,price_ai_hgb,next_4_week_realized_volatility,,price_ai,172,14,0.01967100384259016,0.028157982203678957,-0.22551113665062839,,,,,,,,,,,,,,,hgb,expanding,,,,,,,,,,,,,,,,,,,,0.7,0.027084631661867184,0.041206253045578414,0.04537519032435651,0.7732558139534884,0.5016891891891893,0.13953488372093023,0.12209302325581395
volatility,4,price_ai_ridge,next_4_week_realized_volatility,,price_ai,172,14,0.01860383233602551,0.02574337136725305,-0.02434215444985588,,,,,,,,,,,,,,,ridge,expanding,,,,,,,,,,,,,,,,,,,,0.7,0.06630658378590508,0.041206253045578414,0.04705175691444397,0.813953488372093,0.5777027027027026,0.13953488372093023,0.11627906976744186
volatility,4,price_calendar_ai_gdelt_hgb,next_4_week_realized_volatility,,price_calendar_ai_gdelt,172,14,0.017206812435591006,0.022883927198209003,0.19057741742985923,,,,,,,,,,,,,,,hgb,expanding,,,,,,,,,,,,,,,,,,,,0.7,0.26370283198252786,0.041206253045578414,0.04524878851476046,0.8197674418604651,0.6683558558558559,0.13953488372093023,0.1686046511627907
volatility,4,price_calendar_ai_gdelt_ridge,next_4_week_realized_volatility,,price_calendar_ai_gdelt,172,14,0.017508635169880594,0.022893107107865383,0.1899278858631136,,,,,,,,,,,,,,,ridge,expanding,,,,,,,,,,,,,,,,,,,,0.7,0.3599795058166726,0.041206253045578414,0.04679865120261558,0.8023255813953488,0.6756756756756757,0.13953488372093023,0.19767441860465115
volatility,4,price_calendar_ai_hgb,next_4_week_realized_volatility,,price_calendar_ai,172,14,0.017046043322655222,0.022855555682337655,0.19258321911904308,,,,,,,,,,,,,,,hgb,expanding,,,,,,,,,,,,,,,,,,,,0.7,0.28823217622172687,0.041206253045578414,0.04550487396115917,0.8546511627906976,0.723536036036036,0.13953488372093023,0.1569767441860465
volatility,4,price_calendar_ai_ridge,next_4_week_realized_volatility,,price_calendar_ai,172,14,0.017130498790027558,0.0223860993068212,0.22541148384533305,,,,,,,,,,,,,,,ridge,expanding,,,,,,,,,,,,,,,,,,,,0.7,0.38770679167574984,0.041206253045578414,0.04742630798036168,0.8197674418604651,0.6858108108108107,0.13953488372093023,0.18023255813953487
volatility,4,price_calendar_gdelt_hgb,next_4_week_realized_volatility,,price_calendar_gdelt,172,14,0.016814253777091382,0.022906294580845366,0.1889943401493166,,,,,,,,,,,,,,,hgb,expanding,,,,,,,,,,,,,,,,,,,,0.7,0.28211811748313215,0.041206253045578414,0.045554862868330104,0.8197674418604651,0.6683558558558559,0.13953488372093023,0.1686046511627907
volatility,4,price_calendar_gdelt_ridge,next_4_week_realized_volatility,,price_calendar_gdelt,172,14,0.017345233421093734,0.02273919903720846,0.20078334041659385,,,,,,,,,,,,,,,ridge,expanding,,,,,,,,,,,,,,,,,,,,0.7,0.39046843595073316,0.041206253045578414,0.04781581370661936,0.8081395348837209,0.6790540540540541,0.13953488372093023,0.19186046511627908
volatility,4,price_calendar_hgb,next_4_week_realized_volatility,,price_calendar,172,14,0.016649969249857354,0.022513627521493367,0.21656105773675216,,,,,,,,,,,,,,,hgb,expanding,,,,,,,,,,,,,,,,,,,,0.7,0.3303006737257006,0.041206253045578414,0.045391726154814085,0.8546511627906976,0.723536036036036,0.13953488372093023,0.1569767441860465
volatility,4,price_calendar_ridge,next_4_week_realized_volatility,,price_calendar,172,14,0.01696185654640719,0.022274893630405825,0.2330880948180074,,,,,,,,,,,,,,,ridge,expanding,,,,,,,,,,,,,,,,,,,,0.7,0.4200399624785012,0.041206253045578414,0.04855580135898111,0.8197674418604651,0.6858108108108107,0.13953488372093023,0.18023255813953487
volatility,4,price_gdelt_hgb,next_4_week_realized_volatility,,price_gdelt,172,14,0.018094812042508283,0.026704003023171993,-0.10221657845218024,,,,,,,,,,,,,,,hgb,expanding,,,,,,,,,,,,,,,,,,,,0.7,0.1019013720372492,0.041206253045578414,0.04317914138917775,0.7790697674418605,0.5050675675675675,0.13953488372093023,0.11627906976744186
volatility,4,price_gdelt_ridge,next_4_week_realized_volatility,,price_gdelt,172,14,0.01810010536217142,0.025196265627679997,0.018734435746160405,,,,,,,,,,,,,,,ridge,expanding,,,,,,,,,,,,,,,,,,,,0.7,0.1784998564346209,0.041206253045578414,0.04497058812944682,0.8081395348837209,0.5743243243243243,0.13953488372093023,0.12209302325581395
volatility,4,price_only_hgb,next_4_week_realized_volatility,,price_only,172,14,0.019458647122513557,0.027876729153628724,-0.20115162474829407,,,,,,,,,,,,,,,hgb,expanding,,,,,,,,,,,,,,,,,,,,0.7,0.007761376011076226,0.041206253045578414,0.04497052033086033,0.7732558139534884,0.5016891891891893,0.13953488372093023,0.12209302325581395
volatility,4,price_only_ridge,next_4_week_realized_volatility,,price_only,172,14,0.01864799052952908,0.025386599897922215,0.0038533499079368427,,,,,,,,,,,,,,,ridge,expanding,,,,,,,,,,,,,,,,,,,,0.7,0.01561354903717112,0.041206253045578414,0.04754283332446788,0.8488372093023255,0.597972972972973,0.13953488372093023,0.08139534883720931
direction_classification,13,price_only_return_regression,next_week_log_return,price_only_ridge,price_only,163,13,0.05341151296066053,0.06690678503391535,-0.08550701542442063,0.5828220858895705,-0.027378873637991193,-0.01467762843048499,,,,,,,,,,,,,,,,,,,,,,,,,,,,,,,,,,,,,,,,
direction_classification,13,price_only_three_class_fixed,next_week_log_return_3class_2.0%_bands,price_only_logit,price_only,163,13,,,,,,,0.02,0.4171779141104294,0.39671402171402176,0.3943835616438356,78.0,48.0,37.0,0.7055214723926381,True,"[-1, 0, 1]","[[36, 19, 23], [16, 22, 10], [16, 11, 10]]",,,,,,,,,,,,,,,,,,,,,,,,,,,,,
direction_classification,13,price_ai_return_regression,next_week_log_return,price_only_ridge,price_ai,163,13,0.05426215938849537,0.06762513177264162,-0.10894130354550469,0.5460122699386503,-0.027378873637991193,-0.00532293492372839,,,,,,,,,,,,,,,,,,,,,,,,,,,,,,,,,,,,,,,,
direction_classification,13,price_ai_three_class_fixed,next_week_log_return_3class_2.0%_bands,price_only_logit,price_ai,163,13,,,,,,,0.02,0.38650306748466257,0.40315315315315314,0.3839065680917175,78.0,48.0,37.0,0.7055214723926381,True,"[-1, 0, 1]","[[26, 22, 30], [10, 20, 18], [8, 12, 17]]",,,,,,,,,,,,,,,,,,,,,,,,,,,,,
direction_classification,13,price_gdelt_return_regression,next_week_log_return,price_only_ridge,price_gdelt,163,13,0.05494047177204994,0.06880518822958259,-0.1479809606141227,0.588957055214724,-0.027378873637991193,-0.015088123966030912,,,,,,,,,,,,,,,,,,,,,,,,,,,,,,,,,,,,,,,,
direction_classification,13,price_gdelt_three_class_fixed,next_week_log_return_3class_2.0%_bands,price_only_logit,price_gdelt,163,13,,,,,,,0.02,0.3619631901840491,0.37270443520443525,0.35613259478613174,78.0,48.0,37.0,0.7055214723926381,True,"[-1, 0, 1]","[[27, 21, 30], [14, 15, 19], [12, 8, 17]]",,,,,,,,,,,,,,,,,,,,,,,,,,,,,
direction_classification,13,price_ai_gdelt_return_regression,next_week_log_return,price_only_ridge,price_ai_gdelt,163,13,0.053907451457429506,0.06644242713393941,-0.07049166046057231,0.5705521472392638,-0.027378873637991193,-0.007914678412047075,,,,,,,,,,,,,,,,,,,,,,,,,,,,,,,,,,,,,,,,
direction_classification,13,price_ai_gdelt_three_class_fixed,next_week_log_return_3class_2.0%_bands,price_only_logit,price_ai_gdelt,163,13,,,,,,,0.02,0.3987730061349693,0.4421777546777547,0.39817878028404347,78.0,48.0,37.0,0.7055214723926381,True,"[-1, 0, 1]","[[22, 23, 33], [11, 19, 18], [3, 10, 24]]",,,,,,,,,,,,,,,,,,,,,,,,,,,,,
direction_classification,13,price_calendar_return_regression,next_week_log_return,price_only_ridge,price_calendar,163,13,0.053096226277340654,0.06498019494383224,-0.023892426343738338,0.5828220858895705,-0.027378873637991193,-0.018482513312266535,,,,,,,,,,,,,,,,,,,,,,,,,,,,,,,,,,,,,,,,
direction_classification,13,price_calendar_three_class_fixed,next_week_log_return_3class_2.0%_bands,price_only_logit,price_calendar,163,13,,,,,,,0.02,0.4539877300613497,0.4661873411873412,0.44771855944568895,78.0,48.0,37.0,0.7055214723926381,True,"[-1, 0, 1]","[[31, 19, 28], [9, 26, 13], [4, 16, 17]]",,,,,,,,,,,,,,,,,,,,,,,,,,,,,
direction_classification,13,price_calendar_ai_return_regression,next_week_log_return,price_only_ridge,price_calendar_ai,163,13,0.05336820446584623,0.06642580662833877,-0.06995616264491233,0.5705521472392638,-0.027378873637991193,-0.007419665936952041,,,,,,,,,,,,,,,,,,,,,,,,,,,,,,,,,,,,,,,,
direction_classification,13,price_calendar_ai_three_class_fixed,next_week_log_return_3class_2.0%_bands,price_only_logit,price_calendar_ai,163,13,,,,,,,0.02,0.4294478527607362,0.4470287595287596,0.4237139081410494,78.0,48.0,37.0,0.7055214723926381,True,"[-1, 0, 1]","[[27, 23, 28], [9, 27, 12], [3, 18, 16]]",,,,,,,,,,,,,,,,,,,,,,,,,,,,,
direction_classification,13,price_calendar_gdelt_return_regression,next_week_log_return,price_only_ridge,price_calendar_gdelt,163,13,0.0540382079563217,0.06609186387411883,-0.05922521370592282,0.5828220858895705,-0.027378873637991193,-0.019828501035495407,,,,,,,,,,,,,,,,,,,,,,,,,,,,,,,,,,,,,,,,
direction_classification,13,price_calendar_gdelt_three_class_fixed,next_week_log_return_3class_2.0%_bands,price_only_logit,price_calendar_gdelt,163,13,,,,,,,0.02,0.36809815950920244,0.36629417879417875,0.3509638509638509,78.0,48.0,37.0,0.7055214723926381,True,"[-1, 0, 1]","[[32, 17, 29], [21, 11, 16], [12, 8, 17]]",,,,,,,,,,,,,,,,,,,,,,,,,,,,,
direction_classification,13,price_calendar_ai_gdelt_return_regression,next_week_log_return,price_only_ridge,price_calendar_ai_gdelt,163,13,0.053207658134134285,0.06532459284532967,-0.034774538071722594,0.5828220858895705,-0.027378873637991193,-0.010046329010095913,,,,,,,,,,,,,,,,,,,,,,,,,,,,,,,,,,,,,,,,
direction_classification,13,price_calendar_ai_gdelt_three_class_fixed,next_week_log_return_3class_2.0%_bands,price_only_logit,price_calendar_ai_gdelt,163,13,,,,,,,0.02,0.3619631901840491,0.37063987063987064,0.3567251461988304,78.0,48.0,37.0,0.7055214723926381,True,"[-1, 0, 1]","[[27, 18, 33], [13, 16, 19], [8, 13, 16]]",,,,,,,,,,,,,,,,,,,,,,,,,,,,,
expected_return,13,price_ai_gdelt_hgb,next_week_log_return,,price_ai_gdelt,163,13,0.059852191169445984,0.0734290459445289,-0.307459008516485,0.50920245398773,,,,,,,,,,,,,,hgb,expanding,,5.0,25.0,0.003,False,50.0,0.3067484662576687,0.3,-0.025878628373202667,0.02764395720219783,-0.7328463769089787,-0.9884694633616119,-0.3436639932565623,0.21553327480173728,-1.9536770652059092,-3.074421471563652,-0.7619775544338209,0.3067484662576687,0.31901840490797545,,,,,,,,
expected_return,13,price_ai_gdelt_ridge,next_week_log_return,,price_ai_gdelt,163,13,0.053907451457429506,0.06644242713393941,-0.07049166046057231,0.5705521472392638,,,,,,,,,,,,,,ridge,expanding,,5.0,25.0,0.003,False,49.0,0.3006134969325153,0.42857142857142855,-0.013152214060782997,0.02013160238746208,-0.4905677909144457,-0.9884694633616119,-0.1935913631399987,0.25203368997644465,-0.8537139274937073,-3.074421471563652,-0.6696104006101928,0.3006134969325153,0.36809815950920244,,,,,,,,
expected_return,13,price_ai_hgb,next_week_log_return,,price_ai,163,13,0.056666072660544055,0.07079957191912839,-0.21549611285925718,0.5521472392638037,,,,,,,,,,,,,,hgb,expanding,,5.0,25.0,0.003,False,53.0,0.32515337423312884,0.3584905660377358,-0.021341077691574183,0.021936672664813972,-0.6881013917836025,-0.9884694633616119,-0.31042584850671817,0.21757637257640286,-1.708278519709497,-3.074421471563652,-0.7252063588463777,0.32515337423312884,0.4171779141104294,,,,,,,,
expected_return,13,price_ai_ridge,next_week_log_return,,price_ai,163,13,0.05426215938849537,0.06762513177264162,-0.10894130354550469,0.5460122699386503,,,,,,,,,,,,,,ridge,expanding,,5.0,25.0,0.003,False,40.0,0.24539877300613497,0.35,-0.021736881982963696,0.02301122275699221,-0.5895393770597251,-0.9884694633616119,-0.24729207122458918,0.19845174355894893,-1.4314714404804576,-3.074421471563652,-0.6013023759826481,0.24539877300613497,0.25766871165644173,,,,,,,,
expected_return,13,price_calendar_ai_gdelt_hgb,next_week_log_return,,price_calendar_ai_gdelt,163,13,0.05965685872418974,0.07423120164864379,-0.33618100198751466,0.5153374233128835,,,,,,,,,,,,,,hgb,expanding,,5.0,25.0,0.003,False,58.0,0.3558282208588957,0.3275862068965517,-0.02402408649759618,0.02870207062270684,-0.7578982088945907,-0.9884694633616119,-0.3639605910762461,0.2635811020515126,-1.7167192576524692,-3.074421471563652,-0.7942643907593231,0.3558282208588957,0.3067484662576687,,,,,,,,
expected_return,13,price_calendar_ai_gdelt_ridge,next_week_log_return,,price_calendar_ai_gdelt,163,13,0.053207658134134285,0.06532459284532967,-0.034774538071722594,0.5828220858895705,,,,,,,,,,,,,,ridge,expanding,,5.0,25.0,0.003,False,60.0,0.36809815950920244,0.45,-0.0034532637713388325,0.023972731128892272,-0.2119516445953873,-0.9884694633616119,-0.07317346175098183,0.24112934891445925,-0.31513730243863897,-3.074421471563652,-0.6472393022894529,0.36809815950920244,0.3803680981595092,,,,,,,,
expected_return,13,price_calendar_ai_hgb,next_week_log_return,,price_calendar_ai,163,13,0.06026373532525866,0.07418565249207006,-0.33454171167515634,0.5214723926380368,,,,,,,,,,,,,,hgb,expanding,,5.0,25.0,0.003,False,51.0,0.3128834355828221,0.3333333333333333,-0.023266485628988205,0.03185610056723061,-0.7025742803671031,-0.9884694633616119,-0.3207994079645272,0.23232144398097754,-1.665101446042851,-3.074421471563652,-0.7321350152349769,0.3128834355828221,0.31901840490797545,,,,,,,,
expected_return,13,price_calendar_ai_ridge,next_week_log_return,,price_calendar_ai,163,13,0.05336820446584623,0.06642580662833877,-0.06995616264491233,0.5705521472392638,,,,,,,,,,,,,,ridge,expanding,,5.0,25.0,0.003,False,59.0,0.3619631901840491,0.423728813559322,-0.013876443923208208,0.02105053732334952,-0.5720334289479556,-0.9884694633616119,-0.23719600768947713,0.2598320167019426,-1.0420354463948136,-3.074421471563652,-0.7681532022690354,0.3619631901840491,0.36809815950920244,,,,,,,,
expected_return,13,price_calendar_gdelt_hgb,next_week_log_return,,price_calendar_gdelt,163,13,0.0628400557144579,0.07686968825825824,-0.43285601235434257,0.4601226993865031,,,,,,,,,,,,,,hgb,expanding,,5.0,25.0,0.003,False,52.0,0.31901840490797545,0.23076923076923078,-0.03580920869281846,0.032042984331811984,-0.8483346533322241,-0.9884694633616119,-0.4521171908962507,0.28760949817429615,-2.0920514472701526,-3.074421471563652,-0.8653284685388616,0.31901840490797545,0.294478527607362,,,,,,,,
expected_return,13,price_calendar_gdelt_ridge,next_week_log_return,,price_calendar_gdelt,163,13,0.0540382079563217,0.06609186387411883,-0.05922521370592282,0.5828220858895705,,,,,,,,,,,,,,ridge,expanding,,5.0,25.0,0.003,False,44.0,0.26993865030674846,0.4318181818181818,-0.007085721208280882,0.024263139093726807,-0.28163086982541896,-0.9884694633616119,-0.10014556776694483,0.22643255819586464,-0.4660207504764542,-3.074421471563652,-0.6506863477602609,0.26993865030674846,0.2331288343558282,,,,,,,,
expected_return,13,price_calendar_hgb,next_week_log_return,,price_calendar,163,13,0.06035568852048966,0.07225062883167847,-0.2658305514199306,0.49693251533742333,,,,,,,,,,,,,,hgb,expanding,,5.0,25.0,0.003,False,38.0,0.2331288343558282,0.23684210526315788,-0.025241688115096854,0.034555012760194466,-0.6251330621477666,-0.9884694633616119,-0.2687616425035271,0.167251165950547,-1.8715313591757843,-3.074421471563652,-0.6471394599872722,0.2331288343558282,0.26993865030674846,,,,,,,,
expected_return,13,price_calendar_ridge,next_week_log_return,,price_calendar,163,13,0.053096226277340654,0.06498019494383224,-0.023892426343738338,0.5828220858895705,,,,,,,,,,,,,,ridge,expanding,,5.0,25.0,0.003,False,40.0,0.24539877300613497,0.375,-0.017527099440016035,0.017092534558981992,-0.5123142217754771,-0.9884694633616119,-0.20473668483586538,0.22636829311331033,-1.0119880393737928,-3.074421471563652,-0.7055738871917583,0.24539877300613497,0.2085889570552147,,,,,,,,
expected_return,13,price_gdelt_hgb,next_week_log_return,,price_gdelt,163,13,0.0630318851105501,0.07841288659746092,-0.49096412660798294,0.48466257668711654,,,,,,,,,,,,,,hgb,expanding,,5.0,25.0,0.003,False,52.0,0.31901840490797545,0.2692307692307692,-0.045201112444257244,0.024535237600740837,-0.9074917868043711,-0.9884694633616119,-0.5320575053683738,0.291127336891773,-2.608514450895644,-3.074421471563652,-0.9212824185910071,0.31901840490797545,0.36809815950920244,,,,,,,,
expected_return,13,price_gdelt_ridge,next_week_log_return,,price_gdelt,163,13,0.05494047177204994,0.06880518822958259,-0.1479809606141227,0.588957055214724,,,,,,,,,,,,,,ridge,expanding,,5.0,25.0,0.003,False,30.0,0.18404907975460122,0.3333333333333333,-0.0341238835031112,0.02225481544016554,-0.6453828439488095,-0.9884694633616119,-0.2816020717207286,0.24661060639971202,-1.3411087650487734,-3.074421471563652,-0.74424404336325,0.18404907975460122,0.15950920245398773,,,,,,,,
expected_return,13,price_only_hgb,next_week_log_return,,price_only,163,13,0.05882262780020911,0.0750005207142272,-0.3640204075366995,0.5276073619631901,,,,,,,,,,,,,,hgb,expanding,,5.0,25.0,0.003,False,40.0,0.24539877300613497,0.25,-0.03611897652527622,0.022680743732763714,-0.7700191101250344,-0.9884694633616119,-0.3742974566901224,0.21299417029696285,-2.2013757023915805,-3.074421471563652,-0.7900816280364694,0.24539877300613497,0.3067484662576687,,,,,,,,
expected_return,13,price_only_ridge,next_week_log_return,,price_only,163,13,0.05341151296066053,0.06690678503391535,-0.08550701542442063,0.5828220858895705,,,,,,,,,,,,,,ridge,expanding,,5.0,25.0,0.003,False,7.0,0.04294478527607362,0.14285714285714285,-0.046837376122634326,0.020754862105453138,-0.2809767842636971,-0.9884694633616119,-0.09988426722679733,0.10196681620504716,-1.0320213562736607,-3.074421471563652,-0.2809767842636971,0.04294478527607362,0.024539877300613498,,,,,,,,
volatility,13,price_ai_gdelt_hgb,next_13_week_realized_volatility,,price_ai_gdelt,163,13,0.024279295582388796,0.03544163520639089,0.09125003964706169,,,,,,,,,,,,,,,hgb,expanding,,,,,,,,,,,,,,,,,,,,0.7,0.4260450784466945,0.08014991480534744,0.08326428887081826,0.8466257668711656,0.49617117117117115,0.09202453987730061,0.0736196319018405
volatility,13,price_ai_gdelt_ridge,next_13_week_realized_volatility,,price_ai_gdelt,163,13,0.02925555729649343,0.0390812578475809,-0.10497885925686257,,,,,,,,,,,,,,,ridge,expanding,,,,,,,,,,,,,,,,,,,,0.7,0.27607361963190186,0.08014991480534744,0.08624214949416245,0.8466257668711656,0.5560810810810811,0.09202453987730061,0.09815950920245399
volatility,13,price_ai_hgb,next_13_week_realized_volatility,,price_ai,163,13,0.027336648129769103,0.03725472827999211,-0.004106325489848128,,,,,,,,,,,,,,,hgb,expanding,,,,,,,,,,,,,,,,,,,,0.7,0.24971597364235404,0.08014991480534744,0.0876853882119609,0.8711656441717791,0.5396396396396397,0.09202453987730061,0.06134969325153374
volatility,13,price_ai_ridge,next_13_week_realized_volatility,,price_ai,163,13,0.03203016646039342,0.04110005740161473,-0.22208597334062974,,,,,,,,,,,,,,,ridge,expanding,,,,,,,,,,,,,,,,,,,,0.7,0.10206937447697585,0.08014991480534744,0.09333718910728245,0.8404907975460123,0.5227477477477478,0.09202453987730061,0.09202453987730061
volatility,13,price_calendar_ai_gdelt_hgb,next_13_week_realized_volatility,,price_calendar_ai_gdelt,163,13,0.024329896504123327,0.03185604113580279,0.2658234486571116,,,,,,,,,,,,,,,hgb,expanding,,,,,,,,,,,,,,,,,,,,0.7,0.6868865723422061,0.08014991480534744,0.08755210043057372,0.8343558282208589,0.6990990990990991,0.09202453987730061,0.17177914110429449
volatility,13,price_calendar_ai_gdelt_ridge,next_13_week_realized_volatility,,price_calendar_ai_gdelt,163,13,0.026882178649900168,0.03406698063699634,0.16037726460351143,,,,,,,,,,,,,,,ridge,expanding,,,,,,,,,,,,,,,,,,,,0.7,0.6184209797108197,0.08014991480534744,0.0897812168863686,0.7975460122699386,0.7686936936936937,0.09202453987730061,0.24539877300613497
volatility,13,price_calendar_ai_hgb,next_13_week_realized_volatility,,price_calendar_ai,163,13,0.02517176434559225,0.032555648366097596,0.23322207626986846,,,,,,,,,,,,,,,hgb,expanding,,,,,,,,,,,,,,,,,,,,0.7,0.6645274632705427,0.08014991480534744,0.08890044576607092,0.8404907975460123,0.7324324324324325,0.09202453987730061,0.17791411042944785
volatility,13,price_calendar_ai_ridge,next_13_week_realized_volatility,,price_calendar_ai,163,13,0.026472746927044884,0.03374804495638166,0.1760247999341673,,,,,,,,,,,,,,,ridge,expanding,,,,,,,,,,,,,,,,,,,,0.7,0.6457373878442261,0.08014991480534744,0.09210543612618784,0.7975460122699386,0.7986486486486486,0.09202453987730061,0.25766871165644173
volatility,13,price_calendar_gdelt_hgb,next_13_week_realized_volatility,,price_calendar_gdelt,163,13,0.02439430440117701,0.032276504626612385,0.2463149578216287,,,,,,,,,,,,,,,hgb,expanding,,,,,,,,,,,,,,,,,,,,0.7,0.687856418441485,0.08014991480534744,0.0873137996021367,0.8220858895705522,0.6923423423423423,0.09202453987730061,0.18404907975460122
volatility,13,price_calendar_gdelt_ridge,next_13_week_realized_volatility,,price_calendar_gdelt,163,13,0.027178682303463462,0.03418244553550377,0.15467606974217285,,,,,,,,,,,,,,,ridge,expanding,,,,,,,,,,,,,,,,,,,,0.7,0.6243093310278707,0.08014991480534744,0.09020887118639268,0.7975460122699386,0.7686936936936937,0.09202453987730061,0.24539877300613497
volatility,13,price_calendar_hgb,next_13_week_realized_volatility,,price_calendar,163,13,0.0249356782467757,0.03238414463304268,0.24127959604675697,,,,,,,,,,,,,,,hgb,expanding,,,,,,,,,,,,,,,,,,,,0.7,0.6874906479126143,0.08014991480534744,0.08840022062329113,0.8466257668711656,0.7058558558558559,0.09202453987730061,0.15950920245398773
volatility,13,price_calendar_ridge,next_13_week_realized_volatility,,price_calendar,163,13,0.026568349897425618,0.03369205883886698,0.17875638974467434,,,,,,,,,,,,,,,ridge,expanding,,,,,,,,,,,,,,,,,,,,0.7,0.6494893067540082,0.08014991480534744,0.09242871951292111,0.803680981595092,0.8020270270270271,0.09202453987730061,0.25153374233128833
volatility,13,price_gdelt_hgb,next_13_week_realized_volatility,,price_gdelt,163,13,0.02386050474098761,0.034483155629969515,0.13973766794936637,,,,,,,,,,,,,,,hgb,expanding,,,,,,,,,,,,,,,,,,,,0.7,0.4397503893239342,0.08014991480534744,0.08229277434447083,0.8711656441717791,0.5396396396396397,0.09202453987730061,0.06134969325153374
volatility,13,price_gdelt_ridge,next_13_week_realized_volatility,,price_gdelt,163,13,0.02889252565299733,0.03877962591231857,-0.08798807004690268,,,,,,,,,,,,,,,ridge,expanding,,,,,,,,,,,,,,,,,,,,0.7,0.3208500285411852,0.08014991480534744,0.08547885861725268,0.8466257668711656,0.5560810810810811,0.09202453987730061,0.09815950920245399
volatility,13,price_only_hgb,next_13_week_realized_volatility,,price_only,163,13,0.0269716337392106,0.036859064567615736,0.01710863187954903,,,,,,,,,,,,,,,hgb,expanding,,,,,,,,,,,,,,,,,,,,0.7,0.2708558476177809,0.08014991480534744,0.08751884336204378,0.852760736196319,0.5295045045045045,0.09202453987730061,0.07975460122699386
volatility,13,price_only_ridge,next_13_week_realized_volatility,,price_only,163,13,0.031263590213389605,0.040504134681650955,-0.1869040712578658,,,,,,,,,,,,,,,ridge,expanding,,,,,,,,,,,,,,,,,,,,0.7,0.08109298884399888,0.08014991480534744,0.09328923531306292,0.8957055214723927,0.5531531531531532,0.09202453987730061,0.03680981595092025
